{
  "date": "2020-12-03T19:30:30.266Z",
  "title": "7 passos para fazer uma Reconstrução Capilar",
  "description": "A reconstrução capilar é um processo que ajuda a repor a queratina do cabelo, que é eliminada todos os dias devido à exposição solar, aos alisamentos com chapinha ou ao uso de químicos no cabelo, para fazer coloração ou escova progressiva, por exemplo.",
  "meta_description": "A reconstrução capilar é um processo que ajuda a repor a queratina do cabelo, que é eliminada todos os dias devido à exposição solar, aos alisamentos com chapinha ou ao uso de químicos no cabelo, para fazer coloração ou escova progressiva, por exemplo.",
  "meta_title": "7 passos para fazer uma Reconstrução Capilar",
  "body": "<!--StartFragment-->\n\n## 7 passos para fazer uma Reconstrução Capilar:\n\n\n\n**Passo 1:** Lavar o cabelo com um [shampoo de limpeza profunda](https://www.qualityluna.com.br/shampoo/) para eliminar todos os resíduos e abrir as escamas do cabelo;\n\n\n\n**Passo 2:** Pressionar o cabelo com uma toalha macia, para retirar o excesso de água, sem secar completamente o cabelo;\n\n\n\n**Passo 3:** Dividir o cabelo em várias mechas com cerca de 2 cm de largura;\n\n\n\n**Passo 4:** Aplicar [queratina líquida](https://www.qualityluna.com.br/reconstrucao-capilar/), em cada mecha de cabelo, começando na região da nuca e terminando na parte da frente do cabelo. É importante evitar colocar na raiz, deixando cerca de 2 cm sem produto.\n\n\n\n**Passo 5:** Massagear todo o cabelo e deixar a queratina aturar durante cerca de 10 minutos;\n\n\n\n**Passo 6**: Aplicar uma [máscara de hidratação](https://www.qualityluna.com.br/busca?b=mascara) intensa em cada mecha até cobrir a queratina e depois colocar uma touca de plástico, deixando atuar por mais 20 minutos;\n\n\n\n**Passo 7:** Lavar o cabelo para retirar o excesso de produto, aplicar um [sérum protetor](https://www.qualityluna.com.br/finalizadores/) e secar completamente o cabelo com o secador. \n\n\n\nAgora que você já sabe como restaurar seus cabelos, eu tenho um presente para você:\n\n\n\nUse o cupom = CD19R e ganhe desconto no site [qualityluna.com.br.](http://qualityluna.com.br./)\n\n\n\nFonte: tuasaude.com\n\n<!--EndFragment-->",
  "thumbnail": "/img/uploads/1478.jpg"
}