{
  "date": "2020-12-01T18:56:04.193Z",
  "title": "Ativador de cachos, como usar?",
  "thumbnail": "/img/uploads/retrato-da-bela-modelo-sorridente-com-penteado-afro-cachos_158538-843.jpg",
  "description": "Vamos falar sobre ativador de cachos? Recebo muitas perguntas sobre a diferença entre Creme de pentear e Ativador de cachos. Pesquisando e estudando muito, percebi que os dois são indispensáveis",
  "meta_title": "Ativador de cachos, como usar?",
  "meta_description": "Recebo muitas perguntas sobre a diferença entre Creme de pentear e Ativador de cachos. Pesquisando e estudando muito, percebi que os dois são indispensáveis",
  "body": "<!--StartFragment-->\n\n**Por que usar o ativador de cachos?**\\\n\\\nO ativador de cachos nada mais é que um produto que tem a principal função ativar a memória do cabelo cacheado para que ele fique definido.\\\n\\\nDescobri que o ativador de cachos é fundamental no momento de [transição capilar](https://blog.qualityluna.com.br/2019/10/como-passar-pela-transicao-capilar-com.html), pois ajuda a dar definição, mas lembrando que o ativador é feito para todo tipo de curvatura em transição, ou não, pois até quem não está na transição utiliza o ativador para definir ainda mais os cachos e deixá-los com aspecto mais bonito e hidratado.\\\n\\\n**Como aplicar?**\\\n\\\nCom o cabelo lavado, aplique o creme de pentear apenas nas pontas para desembaraçar e pentear, já comece a ativar os cachos, em seguida passe o Ativador de cachos, dividindo o cabelo em partes para aplicar por mechas, e amasse para ativar os cachos.\n\n>  Dica: fazer fitagem é uma ótima dica nesse momento. \n\n\\\n**\\\nAtivador de cachos – quando usar?**\\\n\\\nO ativador de cacho é usado após lavar o cabelo. A diferença entre o creme de pentear vem ai: O [Creme de pentear](https://www.qualityluna.com.br/curl-activate-leave-in-250g) serve para desembaraçar o cabelo, além de hidratar e nutrir, ele também ativa os cachos, mas de forma mais leve e natural, deixando o cabelo naturalmente enrolado/cacheado.\\\n\\\nDiferente do [ativador de cachos](https://www.qualityluna.com.br/ativador-de-cachos-plus-300ml) que tem a função de ativar e definir os cachos de maneira mais especificas, ele pode deixar o cabelo muito mais definido mudando até a curvatura natural dos fios.\\\n\\\n\\\nAqui vai a dica de um ativador muito incrível (ps: é mega cheiroso), é o Ativador de cachos da Quality cosméticos, da linha Plus[![](https://1.bp.blogspot.com/-iw5bYT15IT0/XdRSDN9e9ZI/AAAAAAAABXo/_qLzbfhqlz8pWyEGeqzJx1QQrGX16ufeACLcBGAsYHQ/s400/ativador.jpg)](https://www.qualityluna.com.br/ativador-de-cachos-plus-300ml)\n\n>  Ficou com alguma dúvida? Escreva nos comentários e ajudaremos você! \n\n\\\nPara você que leu até aqui temos um cupom de desconto especial para te oferecer CD19R use e aproveite nossas [promoções](https://www.qualityluna.com.br/grid/ofertas)!\\\n\\\n\\\nPost by: Rebeca ♥\n\n<!--EndFragment-->"
}