{
  "date": "2020-11-16T18:56:44.808Z",
  "title": "Caspa: Saiba o que é e como tratar",
  "description": "A caspa é uma anomalia de couro cabeludo, caracterizada pela descamação maciça de pequenos corpos da camada superficial da pele chamada camada córnea. ",
  "body": "**Entenda o problema da caspa:**\n\nQuando a pele do couro cabeludo se vê agredida, ela produz mais célula no sentido de “engrossar” a camada córnea e proteger-se da agressão.\n\nA maior produção de células empurra mais rapidamente para fora as células mortas, renovando a pele. As células mortas se soltam em placas, que constituem a caspa.\n\n**Entre as causas da caspa, temos:**\n\n* Pequenas zonas e inflamação no couro cabeludo: é a chamada caspa seca, decorrente de um ressecamento do couro cabeludo. Esse ressecamento pode ser provocado por produtos irritantes como shampoos, cremes, géis e condicionadores inadequados, ou até mesmo deficiências nutricionais de vitaminas e óleos essenciais.\n* Oleosidade no couro cabeludo: a presença de oleosidade em excesso pode causar irritações no couro e resultar na chamada caspa oleosa (ou caspa comum).\n\n**O mecanismo pelo qual oleosidade provoca irritações obedece aos seguintes passos:**\n\n* A pele do couro cabeludo, assim como a pele de todo o corpo, apresenta um conjunto de bactérias residentes naturais. Essas bactérias são úteis ao homem e representam a flora bacteriana da pele.\n* A oleosidade em excesso favorece o crescimento de alguns microorganismos, aqueles que se alimentam de lipídeos, em detrimento de outros.\n\nOcorre, assim, um desequilíbrio entre os constituintes da flora bacteriana.\n\nAlguns estudos mostram que o microorganismo que mais se desenvolve nessas condições é um fungo chamado Ptirosporum ovale.\n\n* Os microorganismos que se alimentam de Lipídios cutâneos secretam enzimas chamadas lipases, que quebram os lipídeos transformando-os em ácidos graxos.\n\nAlguns ácidos graxos em contato com o ar se oxidam dão origem a substancias altamente irritantes.\nOs bons produtos anticaspa são substancias que inibem a formação dos ácidos graxos que podem causar irritação no couro cabeludo ou impedem que os ácidos graxos se oxidem.\n\n**Estes produtos devem ser:**\n\n* bons umectantes para o couro cabeludo, inibindo seu ressecamento;\n* apresentam atividade antimicrobiana para o Ptirosporum ovale;\n* capazes de normalizar a renovação da camada córnea.\n\n  Se você sofre com caspa, a linha [Luna Bi-Complex](https://www.qualityluna.com.br/luna-bi-complex) é para você!\n\n  **Shampoo Energizante e Mascara Revitalizante**, para combater a seborreia, limpar o couro cabeludo e combater a caspa e o fungo causador.\n\n  **Conheça mais sobre os produtos:**\n\n  [1 - SHAMPOO ENERGIZANTE ANTICASPA PH 6,5](https://www.qualityluna.com.br/shampoo-anticaspa-lunasystem)\n\n  [](https://www.qualityluna.com.br/shampoo-anticaspa-lunasystem)Principais ativos e benefícios:\n\n  Argila: remove as impurezas e o excesso de oleosidade dos cabelos\n\n  Piritionato de Zinco: possui um amplo espectro de ação anti-bacteriana e antifúngica\n\n  Octopirox: auxilia na prevenção da caspa\n\n  Copaíba, Jaborandi e Chá Verde: auxiliam no controle da oleosidade\n\n  [2 - MÁSCARA BI-COMPLEX REVITALIZANTE ANTICASPA PH 4,0](https://www.qualityluna.com.br/mascara-revitalizante-anticaspa-ph-40-150-ml-6928873)\n\n  Principais ativos e benefícios:\n\n  Alecrim, Melissa e Mentol: auxiliam no controle da oleosidade;\n\n  Piritionato de Zinco: possui um amplo espectro de ação anti-bacteriana e antifúngica;\n  Octopirox: ativo auxiliar no combate ao fundo causador da caspa;\n  Colágeno: para revitalizar os fios de cabelos enfraquecidos;\n  Ativos que promovem maciez e brilho natural aos cabelos;\n\n  [Compre agora!](https://www.qualityluna.com.br/luna-bi-complex)",
  "meta_title": "Caspa: Saiba o que é e como tratar",
  "thumbnail": "/img/uploads/caspa.jpg"
}