{
  "date": "2020-12-01T19:19:22.390Z",
  "title": "Como montar meu cronograma Capilar?",
  "description": "Você sabe identificar quando seu cabelo precisa de hidratação, nutrição e reconstrução?",
  "meta_title": "Como montar meu cronograma Capilar?",
  "meta_description": "Você sabe identificar quando seu cabelo precisa de hidratação, nutrição e reconstrução?",
  "body": "<!--StartFragment-->\n\n[![](https://1.bp.blogspot.com/-Wkmr05Xcibs/XcHB-pHEzWI/AAAAAAAABTA/4WHaNz8njP4gjkDLv2cPemV2Xoa0ziPrgCLcBGAsYHQ/s400/mega-hair-cabelo-humano-100g-60cm-tela-preto-liso-D_NQ_NP_860971-MLB27366112683_052018-F.jpg)](https://1.bp.blogspot.com/-Wkmr05Xcibs/XcHB-pHEzWI/AAAAAAAABTA/4WHaNz8njP4gjkDLv2cPemV2Xoa0ziPrgCLcBGAsYHQ/s1600/mega-hair-cabelo-humano-100g-60cm-tela-preto-liso-D_NQ_NP_860971-MLB27366112683_052018-F.jpg)\n\n\n\n**Hidratação**\n\n\n\nPara identificar se seu cabelo precisa ser hidratado, basta observar o aspecto. Está sem brilho, armado e embaraça com facilidade? Hidratação nele!  É preciso lembrar que qualquer cabelo precisa ter sua umidade reposta, até mesmo os oleosos.\\\n\\\nA hidratação serve para repor a água e a umidade dos fios. Suas causas são diversas, desde a ação do sol, água quente e vento até, é claro, secador, chapinha e babyliss.\n\n\n\nAqui vai a dica de uma boa receitinha caseira de hidratação: \n\n\n\n*Ingredientes*\n\n» 2 colheres de leite\n\n» 3 colheres de açúcar\n\n» 2 colheres de [máscara](https://www.qualityluna.com.br/mascara-equilibrium-lunasystem)\n\n\n\n► *Misture tudo e passe nos cabelos lavados apenas com [shampoo](https://www.qualityluna.com.br/shampoo-250-ml-luna-equilibrium). Deixe agir por 30 minutos, enxágue e [condicione](https://www.qualityluna.com.br/condicionador-200-g-luna-equilibrium).*\n\n\n\nPara você que não tem muito tempo disponível, mas quer os cabelos lindos e hidratados temos a opção perfeita pra você! A máscara de hidratação [Three Force Micro Emulsão](https://www.qualityluna.com.br/three-force-micro-emulsao-300ghttps://www.qualityluna.com.br/three-force-micro-emulsao-300g) deixa seu cabelo macio, suave e cheiroso e faz efeito em apenas 5 minutinhos. Não tem desculpa para não se cuidar, né?\n\n\n\n![](https://1.bp.blogspot.com/-EQP-ptADslY/XcHB-t0FSpI/AAAAAAAABTQ/5jt4VuQU1-w9Gi4SaAG7zAA6x-7TccD8gCEwYBhgL/s400/kerastase-poster-005.jpg)\n\n\n\n**Nutrição**\n\n\n\nSe você está sentindo seu cabelo poroso, com frizz e desalinhado, saiba que é de nutrição que está precisando. A porosidade é um problema bastante comum. Quando acontece, as cutículas do fio ficam abertas, o que faz com que todos os nutrientes sejam perdidos mais facilmente. Além disso, é mais difícil fazer com que os tratamentos penetrem profundamente.\n\n\n\nNutrir o cabelo é fazer o que chamamos de reposição lipídica, pois é uma ação que repõe a gordura, oleosidade e vitaminas do interior dos fios.\n\n\n\nAqui vai a dica de uma boa receitinha caseira de nutrição:\n\n\n\n*Ingredientes*\n\n» 2 colheres de [máscara](https://www.qualityluna.com.br/mascara-condicionante-para-cabelos-quimicamente-tratados-mega-repair-300g)\n\n» 2 colheres de Leite de Coco\n\n» 2 colheres de Óleo de Coco\n\n» 2 colheres de Amido de Milho\n\n\n\n► *Misture tudo e passe nos cabelos lavados apenas com [shampoo](https://www.qualityluna.com.br/shampoo-cabelos-quimicamente-tratados-mega-repair-300ml). Deixe agir por 30 minutos, enxágue e [condicione](https://www.qualityluna.com.br/leave-in-cabelos-quimicamente-tratados-mega-repair-300ml).*\n\n\n\nPara você que não tem muito tempo disponível, mas quer os cabelos lindos e nutridos temos a opção perfeita pra você. A máscara [Duo Instantâneo](https://www.qualityluna.com.br/plus-duo-instantaneo-250g) irá devolver os nutrientes perdidos e necessários para seus fios, deixando o visual sempre saudável e brilhoso com apenas 5 minutos de pausa!\n\n\n\n\n\n![](https://1.bp.blogspot.com/-WVIXVjaN7NM/XcHB-eXEdJI/AAAAAAAABTI/2MCmj92gzgomKlY_TMhRpNVnHqrb9U1UwCEwYBhgL/s400/hair-salon-clipart-2.png)\n\n\n\n**Reconstrução**\n\n\n\nOs nossos fios de cabelo são compostos por 90% de queratina. Uma reconstrução nada mais é do que a reposição deste elemento, bem como de massa e aminoácidos. Uma reconstrução é ideal para quando sentimos os cabelos frágeis, quebradiços, ralos, com pontas duplas e elásticos.  É preciso lembrar de que não pode exagerar na dose quando o assunto é reconstrução! Como o produto age diretamente na estrutura da fibra capilar, selando todas as cutículas, deixa o cabelo mais rígido. Quando acontece o excesso, eles podem quebrar!\n\n\n\nAqui vai a dica de uma boa receitinha caseira de nutrição:\n\n\n\n*Ingredientes*\n\n» 1 colher de Mel\n\n» 1 colher de Óleo de Coco\n\n» 2 colheres de [Máscara de Queratina](https://www.qualityluna.com.br/mascara-de-keratina-plus-500g)\n\n\n\nPara você que não tem muito tempo disponível, mas quer os cabelos lindos e nutridos temos a opção perfeita pra você. O Reconstrutor Intensivo Semanal vai repor a massa perdida nos processos químicos deixando seu cabelo mais forte e volumoso. Tudo isso você consegue com apenas 5 minutos de pausa!\n\n\n\n\n\n\n\n♥ Para você que necessita de todos os passos do cronograma capilar temos aqui duas opções perfeitas!\n\n\n\n► [Cronograma capilar Quality cosméticos ](https://www.qualityluna.com.br/kit-mascara-capilar-quality-luna)\n\n*►[ ](https://www.qualityluna.com.br/kit-cronograma-capilar-luna-system)*[Cronograma capilar Luna system](https://www.qualityluna.com.br/kit-cronograma-capilar-luna-system)\n\n\n\n\n\n*Para você que leu até aqui tenho um desconto especial para te dar CD19R aproveite!*\n\n\n\n\n\nPost by: [Rebeca](https://www.instagram.com/beca.soliveira/?hl=pt-br) ♥\n\n\n\n<!--EndFragment-->",
  "thumbnail": "/img/uploads/cro.jpg"
}