{
  "date": "2020-11-12T19:34:01.606Z",
  "title": "Escova Progressiva Inteligente",
  "thumbnail": "/img/uploads/magic.jpg",
  "description": "Se você deseja deixar seus cabelos lisos e hidratados, mas não quer passar horas no salão ou ainda usar vários produtos químicos para chegar no resultado a Progressiva Luna System Magic Straight chegou para solucionar seus problemas!",
  "body": "<!--StartFragment-->\n\nA Escova Progressiva Inteligente da Luna System promove alisamento dos fios, reduz o volume e o frizz. Além disso, faz reparação das fibras capilares e deixa-os mais fortes e saudáveis.\n\n**Indicada para todos os tipos de cabelos.**\n\nEntão, se você deseja deixar seus cabelos lisos e hidratados, mas não quer passar horas no salão ou ainda usar vários produtos químicos para chegar no resultado, a Progressiva Luna System Magic Straight é o produto que você procura! 😌\n\nEla é uma progressiva para todos os tipos de cabelos, sem Formol que Alisa os Fios, Reduz o Volume e o Frizz em APENAS 1 passo...\n\n#### E seu modo de uso é super simples:\n\n*Passo 1:* Com o cabelo limpo e seco, aplique a Magic Straight com o auxílio de um pincel e deixe agir por 30 minutos ou mais.\n\n*Passo 2:* Enxague deixando um leve resíduo do produto, seque e pranche em mechas finas.\n\n*Passo 3:* Lave os cabelos após 48hs. \n\n*\\*O tempo de pausa e o resultado final depende da resistência do tipo de cabelo podendo variar para mais ou para menos tempo.*\n\nRecomenda-se utilizar a cada 90 dias ou de acordo com o crescimento do cabelo (repondo apenas na raiz).\n\n*Em geral RENDE ATÉ 35 APLICAÇÕES.*\n\n***Já usou ela? Conta pra a gente! Ainda não usou? Corre pro site e garanta a sua* ❤️**\n\n[Faça já o seu pedido!](https://www.qualityluna.com.br/luna-magic-straight-para-profissionais)\n\n**[Quality Luna - Cosméticos e Beleza](https://linklist.bio/qualityluna)**\n\n**Email: sac@qualityluna.com.br**\n\n**Televendas e WhatsApp: (77) 3424-6689**\n\n<!--EndFragment-->",
  "meta_title": "Escova Progressiva Inteligente",
  "meta_description": "O que é a Escova progressiva inteligente? Quem pode usar? E como usar?"
}