{
  "date": "2020-12-01T19:44:04.107Z",
  "title": "Você sabe para que serve a cauterização Capilar?",
  "description": "A cauterização é um tratamento a base de queratina. É uma forma de recuperar a vitalidade, devolver proteínas e restaurar a força do cabelo após a realização de algum tipo de química, como tintura, progressiva e até mesmo os danos, causados por exposição solar, uso do secador, da chapinha.",
  "meta_title": "Você sabe para que serve a cauterização Capilar?",
  "meta_description": "É uma forma de recuperar a vitalidade, devolver proteínas e restaurar a força do cabelo após a realização de algum tipo de química, como tintura, progressiva e até mesmo os danos, causados por exposição solar, uso do secador, da chapinha.",
  "body": "<!--StartFragment-->\n\nA cauterização é um tratamento a base de queratina.\n\n È uma forma de recuperar a vitalidade, devolver proteínas e restaurar a força do cabelo após a realização de algum tipo de química, como tintura, progressiva e até mesmo os danos, causados por exposição solar, uso do secador, da chapinha.\n\n\n\n\n\n\n\n![](https://4.bp.blogspot.com/-NKCFFlj7Olo/XKIaydGrsoI/AAAAAAAAACQ/D-aoKffnQ8oLbS2bpGmD0ndpXXn1oFGkACPcBGAYYCw/s400/IMG_1839.JPG)\n\n\n\n\n\n\n\nPorém, existem alguns risco e cuidados que é importante saber, antes de fazer a cauterização. \n\nO primeiro é não exagerar na quantidade.\n\n Pois antes de fazer a cauterização, você precisa avaliar se suas madeixas estão precisando realmente de queratina. \n\n\n\n\n\nPois, dependendo da situação que encontra seus fios, ela deverá ser aplicada uma vez por no mês. E se por acaso o cabelo esteja muito danificado, deve aplicar uma, 15/15 dias. \n\nPois o excesso de queratina no cabelo pode danificar ainda mais os fios. \n\n\n\nEsse tratamento a base de queratina é indicado para todos os tipos de cabelos, principalmente os danificados e para quem pretende aumentar o brilho, diminuir o frizz e alinhar os fios.\n\n\n\n***Estamos com promoção no site da [qualityluna.com.br](http://qualityluna.com.br/)***\n\n\n\n\n\n[Para saber mais ENTRE AQUI](https://www.qualityluna.com.br/busca?b=cauteriza%C3%A7%C3%A3o)\n\n<!--EndFragment-->",
  "thumbnail": "/img/uploads/img_1839.jpg"
}